{"loss":{"0":3.2046852112,"1":3.111130476,"2":3.0459241867,"3":2.9928467274,"4":2.946814537,"5":2.9054830074,"6":2.8675518036,"7":2.8322150707,"8":2.7989349365,"9":2.7673304081,"10":2.7371244431,"11":2.7081058025,"12":2.6801111698,"13":2.6530106068,"14":2.6267006397,"15":2.6010949612,"16":2.5761225224,"17":2.551725626,"18":2.5278530121,"19":2.5044624805,"20":2.4815177917,"21":2.4589874744,"22":2.4368443489,"23":2.415063858,"24":2.3936264515,"25":2.3725130558,"26":2.3517067432,"27":2.3311941624,"28":2.3109614849,"29":2.2909986973}}